run_id,temperature_K,Mg_mass_percent_times_1e4,O_mass_percent_times_1e4
1,1873,2.0,6.8
2,1873,1.2,7.0
3,1873,6.4,9.5
4,1873,15.1,8.1
5,1873,0.5,17.3
6,1873,2.2,7.8
7,1873,1.4,10.2
8,1873,15.1,4.4
9,1873,1.4,6.1
10,1873,1.3,17.1
11,1873,1.8,16.0
12,1873,18.0,3.4
13,1873,4.2,8.1
14,1873,17.8,7.6
15,1873,1.9,15.6
16,1873,2.2,12.9
17,1873,0.6,13.6
18,1873,1.4,12.7
19,1873,0.7,16.5
20,1873,0.2,24.6
21,1873,1.5,10.4
22,1873,0.5,12.3
23,1873,0.7,10.9
24,1873,0.2,15.1
25,1873,0.4,15.6
26,1873,30.7,7.3
27,1873,0.6,14.6
28,1873,0.6,10.3
29,2023,1.8,10.4
30,2023,1.6,27.1
31,2023,0.5,34.6
32,2023,5.5,8.9
33,2023,5.6,5.4
34,2023,2.1,20.5
35,2023,0.6,42.8
36,2023,6.8,8.7
37,2023,14.9,7.1
