heat_id,temperature_C,corrected_H2O_H2_ratio,O_mass_percent,reported_K_apparent
140,1551,0.2915,0.0708,4.12
146,1551,0.2018,0.0479,4.21
147,1551,0.104,0.0246,4.23
149,1551,0.0505,0.0118,4.28
151,1551,0.2959,0.0696,4.25
154,1551,0.3948,0.0954,4.14
159,1551,0.499,0.1235,4.04
162,1551,0.589,0.1469,4.01
141,1600,0.2911,0.0859,3.39
142,1600,0.0503,0.0146,3.45
145,1600,0.2017,0.06,3.36
150,1600,0.0507,0.0153,3.31
153,1600,0.1979,0.0565,3.5
155,1600,0.3956,0.1209,3.27
160,1600,0.502,0.1566,3.21
163,1600,0.597,0.1871,3.19
137,1651,0.1053,0.0396,2.66
143,1651,0.2978,0.1145,2.6
144,1651,0.2054,0.077,2.67
148,1651,0.0501,0.0185,2.71
152,1651,0.2951,0.1132,2.61
156,1651,0.3989,0.157,2.54
161,1651,0.506,0.1975,2.56
