,Sample,Temperature_K,fH2,fH2O,SiO2_MF,CaO_MF,MgO_MF,Al2O3_MF,FeO_MF,Na2O_MF,OH_Conc_ppm,OH_Conc_ppm_unc
0,F1-A1,1673.15,0.678,0.156,0.484637301,0.408216929,0.065795495,0.038587228,0,0.002763047,226.4545345,30.26228505
1,F1-A3,1673.15,0.678,0.156,0.505512424,0.155303758,0.27769289,0.051429757,0,0.010061172,323.0332475,37.44363436
2,F1-A2,1673.15,0.678,0.156,0.489599376,0.261338551,0.152010239,0.08984767,0,0.007204164,273.569959,33.20543776
3,F1-B2,1673.15,0.678,0.156,0.466168157,0.217240328,0.238117662,0.072240691,0,0.006233163,307.1382557,38.1307523
4,F1-B1,1673.15,0.678,0.156,0.651423407,0.174110581,0.096429973,0.05727809,0,0.02075795,334.5380582,33.12413657
5,Mount 1 A,1673.15,0.821,0.088,0.49258699,0.263517279,0.152584243,0.088744089,0,0.002567398,207.2083225,25.14104672
6,Mount 1 B,1673.15,0.821,0.088,0.496506908,0.262636603,0.149156512,0.089161668,0,0.002538309,208.6571371,25.02919037
7,Mount 1 C,1673.15,0.821,0.088,0.49347723,0.260680824,0.154257215,0.090179697,0,0.001405033,206.6267238,24.94292482
8,Mount 1 D,1673.15,0.821,0.088,0.493073134,0.264739558,0.151121819,0.089707778,0,0.001357712,209.9561835,25.26585999
9,Mount 2 C,1673.15,0.678,0.156,0.490812113,0.261737803,0.156311304,0.089755483,0,0.001383297,250.9783612,30.29633054
10,Mount 2 D,1673.15,0.678,0.156,0.494292281,0.260207656,0.154793313,0.089079756,0,0.001626994,261.1275687,31.34272594
11,F4 1,1673.15,0.9833,0.0167,0.491505873,0.161943507,0.288222009,0.053241875,0,0.005086736,112.4581768,13.79011726
12,F5 2,1673.15,0.9833,0.0167,0.632007238,0.18358818,0.103047174,0.062155166,0,0.019202241,114.1074269,11.6156944
13,F5 1,1673.15,0.9833,0.0167,0.455866179,0.223561794,0.241482083,0.074288968,0,0.004800977,111.690036,14.09060871
14,F3-A-1,1673.15,0.821,0.088,0.505391849,0.156557468,0.278426698,0.05166091,0,0.007963075,219.8619723,25.49300286
15,F3-A-2,1673.15,0.821,0.088,0.489774689,0.26234568,0.152956545,0.089401857,0,0.005521228,228.6490312,27.73718942
16,F3-A-3,1673.15,0.821,0.088,0.648732999,0.176103211,0.097853147,0.058828097,0,0.018482546,273.6749342,27.26774488
17,F3-B 1,1673.15,0.821,0.088,0.470600157,0.215589877,0.235023348,0.073765101,0,0.005021517,207.6594477,26.87775658
18,F3-B 2,1673.15,0.821,0.088,0.48695433,0.406777236,0.065590929,0.038499157,0,0.002178348,183.726466,24.19144539
19,F2-A 2,1673.15,0.821,0.088,0.651438628,0.172171819,0.097618327,0.058638735,0,0.020132491,247.8148579,25.38432739
20,F2-A 1,1673.15,0.821,0.088,0.486884467,0.366270598,0.090412828,0.053411046,0,0.003021061,188.3880602,24.8822658
21,F2-B 1,1673.15,0.821,0.088,0.507061919,0.154592093,0.278005412,0.051453486,0,0.00888709,227.5422314,26.31688342
22,06-11-23-2 (small),1673.15,0,0,0.494465957,0.260344977,0.153837358,0.090109408,0,0.0012423,29.9053595,3.876060085
23,06-11-23-1 (large),1673.15,0,0,0.494903171,0.259910909,0.15390427,0.090114571,0,0.001167079,40.12648473,5.005972344
24,13-12-23 2,1673.15,0.9833,0.0167,0.475044936,0.267589254,0.161213193,0.095301976,0,0.000850641,97.68598387,12.92112682
25,13-12-23 1,1673.15,0.9833,0.0167,0.482698914,0.266509556,0.158107095,0.091550614,0,0.001133822,99.86026554,12.18385324
26,F7 1,1823.15,0.676,0.157,0.500435385,0.155105275,0.279286657,0.051331184,0,0.013841499,289.5367031,34.02203872
27,F7 2,1823.15,0.676,0.157,0.484030964,0.367899068,0.066277749,0.075871237,0,0.005920982,237.41359,30.54945268
28,F7 3,1823.15,0.676,0.157,0.489655166,0.257610029,0.153291207,0.088907749,0,0.010535848,296.5584997,36.29847752
29,F6-A 1,1673.15,0,0,0.666964887,0.175040501,0.097228807,0.058560867,0,0.002204938,62.59903316,6.599408372
30,F6-A 2,1673.15,0,0,0.495262722,0.402063413,0.063397448,0.037744866,0,0.001531551,44.93446672,5.881867241
31,F6-A 3,1673.15,0,0,0.512201692,0.155721069,0.277984152,0.052053664,0,0.002039422,51.20404047,5.839369906
32,ADEu 10FeO sample 1,1673.15,0.9834,0.0167,0.499609865,0.252506939,0.146701025,0.088592067,0.008693859,0.003896245,119.3262319,14.67232252
33,ADEu 10FeO sample 2,1673.15,0.9832,0.0168,0.49080408,0.259306485,0.150437224,0.087582671,0.008613406,0.003256133,100.6863251,12.40869706
34,ADEu 20FeO sample A 20um,1673.15,0.9797,0.0203,0.490354031,0.256283494,0.15127323,0.087570203,0.010530427,0.003988615,102.6510444,12.54166711
35,ADEu 20FeO sample B 20um,1673.15,0.9836,0.0164,0.490805396,0.260246398,0.148101361,0.088836207,0.008368469,0.003642168,104.9891989,12.97692216
36,12-12-23 sample 2,1673.15,0.9833,0.0167,0.490745239,0.265761324,0.152473832,0.089209429,0.000113638,0.001696538,145.5797743,18.07863386
37,12-12-23 sample 1,1673.15,0.9833,0.0167,0.483195251,0.268560035,0.154587807,0.092418671,0.000111672,0.001126564,92.63381789,11.78904691
38,ADEu 30Fe sample 1,1673.15,0.9809,0.0191,0.49584475,0.256997659,0.147177923,0.087636028,0.010072755,0.002270884,99.91490364,12.73390075
39,ADEu 30Fe sample 2,1673.15,0.98,0.02,0.489901871,0.258706305,0.150606041,0.087921034,0.010400033,0.002464716,83.49498637,11.76516271
40,HT_1550 sample 2,1823.15,0.9833,0.0167,0.494387211,0.260959858,0.15366358,0.088934777,7.34E-05,0.001981217,139.4085754,16.85590797
41,HT_1550 sample 1,1823.15,0.9833,0.0167,0.493827934,0.262777889,0.153622516,0.087919393,8.74E-05,0.001764837,206.1991513,25.8655178
42,HT_1475 sample 1,1748.15,0.9833,0.0167,0.490885854,0.265211616,0.152840148,0.088927698,0.000212276,0.001922408,184.0833263,22.66474467
43,HT_1475 sample 2,1748.15,0.9833,0.0167,0.471111312,0.268417489,0.165310266,0.092993013,0.000134615,0.002033305,145.511694,40.30015734
44,Per-fO2(1),2173,0,0,0.409604009,0.018844747,0.488177414,0.022268282,0.061021141,8.44E-05,3.021076529,2.292206043
45,Per-fO2(2),2166,0,0,0.405969622,0.019283331,0.490065133,0.022492321,0.062023763,8.43E-05,5.381292568,2.32166571
46,Per-fO2(3),2134,1.28E-05,0.00071,0.405420167,0.019290285,0.489982536,0.022449178,0.062773517,8.43E-05,18.50409374,3.058461163
47,Per-fO2(6),2151,2.77E-05,0.0015,0.40686303,0.019313358,0.489140646,0.022116824,0.062484472,0,21.19474003,3.092153252
48,Per-fO2(7),2139,8.41E-05,0.0038,0.40666749,0.019291688,0.488332489,0.022348297,0.063360036,0,36.63055292,3.544412738
49,Per-fO2(8),2197,0.00024,0.0076,0.400675144,0.019385359,0.49443902,0.02250262,0.062997857,0,57.16443245,4.6101007
50,Per-fO2(9),2175,0.0016,0.018,0.399313648,0.018185161,0.500744601,0.022299779,0.059456811,0,84.40132554,5.557895342
51,Per-fO2(10),2173,0.012,0.027,0.406102387,0.019653965,0.489885899,0.022694964,0.061581251,0,108.9475723,6.329604825
52,Per-fO2(11),2169,0.041,0.018,0.399497655,0.019631894,0.501329184,0.022511615,0.057029651,0,110.5997236,6.456474402
53,Per-fO2(12),2112,0.064,0.0078,0.403211489,0.019960911,0.497580771,0.022722701,0.056524128,0,101.2060637,6.342089784
54,Per-TS1,2124,8.41E-05,0.0038,0.404982483,0.019055605,0.488930101,0.022193938,0.064671593,8.45E-05,32.9486159,3.333507503
55,Per-TS2,2148,8.41E-05,0.0038,0.40390821,0.019356869,0.49215858,0.022315998,0.062178882,0,35.96969243,4.713346111
56,LG3,1623.15,0.0303975,0.222915,0.442092366,0.094556557,0.198018052,0.053075379,0.181688176,9.78E-05,296.4431344,12.2731234
57,LG5,1623.15,0.00172,0.0709275,0.439880584,0.094082704,0.197479677,0.052933106,0.186076416,0,173.7119004,50.03658002
58,LG7,1623.15,0.93219,0.04053,0.519976416,0.112256605,0.236250565,0.063873429,0.031170572,0,135.0043574,2.832259246
59,LG35,1623.15,3.24E-05,0.00993,0.441714093,0.095083072,0.196399199,0.052593959,0.184141781,0.000688236,65.14196267,2.832259246
60,LG38,1623.15,0.56742,0.2127825,0.455721549,0.097434295,0.203947194,0.05542594,0.15555275,9.75E-05,304.9399122,7.552691323
61,LG39,1623.15,0.182385,0.32424,0.450928379,0.096233105,0.200463912,0.055249551,0.16560604,0.000293824,390.851776,11.32903699
62,LG40,1623.15,0.8004675,0.101325,0.492906023,0.105171389,0.218607974,0.05994705,0.07993497,0.009419601,212.4194435,5.664518493
63,AD2,1623.15,0.4559625,0.2533125,0.496876711,0.253456139,0.158339539,0.090678953,8.20E-05,0.000380303,379.522739,4.720432077
64,AD10,1623.15,0.1519875,0.32424,0.496140357,0.253007129,0.126323928,0.123975413,0,0.000391645,354.9764922,58.53335776
65,AD11,1623.15,0.8612625,0.0709275,0.499914634,0.25302988,0.192436571,0.054390761,0.000157371,0,182.2086782,7.552691323
66,AD23,1623.15,3.24E-05,0.00993,0.496349383,0.251866723,0.155927043,0.094102409,0.000245946,0.001425466,84.96777739,10.38495057
67,AD_B1_1b,1623.15,0.060795,0.2735775,0.495966093,0.254108321,0.139473588,0.109615343,0.000252131,0.000584524,379.522739,4.720432077
68,AD_B1_3b,1623.15,0.16212,0.32424,0.495966093,0.254108321,0.139473588,0.109615343,0.000252131,0.000584524,367.2496156,5.664518493
69,AD_B1_5,1623.15,0.0149,0.1722525,0.495966093,0.254108321,0.139473588,0.109615343,0.000252131,0.000584524,299.2753937,4.720432077
70,AD_B1_6,1623.15,0.000363,0.0303975,0.495966093,0.254108321,0.139473588,0.109615343,0.000252131,0.000584524,137.8366167,1.888172831
71,AD_B1_7,1623.15,0.00142,0.060795,0.495966093,0.254108321,0.139473588,0.109615343,0.000252131,0.000584524,187.8731967,3.776345662
72,AD_B1_9,1623.15,0.64848,0.1722525,0.495966093,0.254108321,0.139473588,0.109615343,0.000252131,0.000584524,253.0151593,8.496777739
73,AD_B1_12,1623.15,0.2330475,0.32424,0.495966093,0.254108321,0.139473588,0.109615343,0.000252131,0.000584524,381.4109118,5.664518493
74,AD_B1_13,1623.15,0.0506625,0.263445,0.495966093,0.254108321,0.139473588,0.109615343,0.000252131,0.000584524,374.8023069,3.776345662
75,AD_B3_25,1623.15,0.182385,0.32424,0.494339782,0.253464406,0.154342728,0.096707832,0.000165557,0.000767632,401.2367266,4.720432077
76,AD_B3_26,1623.15,0.8004675,0.101325,0.494339782,0.253464406,0.154342728,0.096707832,0.000165557,0.000767632,216.1957891,1.888172831
77,LG_B_1,1623.15,0.60795,0.1925175,0.440638188,0.094591031,0.197262817,0.053334052,0.183989808,9.79E-05,253.9592458,6.608604908
78,LG_B_2,1623.15,0.4154325,0.2735775,0.440638188,0.094591031,0.197262817,0.053334052,0.183989808,9.79E-05,318.157122,8.496777739
79,LG_B_4,1623.15,0.060795,0.2735775,0.440638188,0.094591031,0.197262817,0.053334052,0.183989808,9.79E-05,349.3119737,11.32903699
80,LG_B_6,1623.15,0.85113,0.08106,0.440638188,0.094591031,0.197262817,0.053334052,0.183989808,9.79E-05,175.6000733,4.720432077