sample,P_MPa,fluid_H2O_mole_fraction,fluid_H2O_sigma,KFT_H2O_wt_percent,KFT_sigma_wt_percent,MIR_H2O_wt_percent,MIR_sigma_wt_percent,NIR_molecular_H2O_wt_percent,NIR_molecular_sigma_wt_percent,NIR_OH_H2O_equivalent_wt_percent,NIR_OH_sigma_wt_percent,NIR_total_H2O_wt_percent,NIR_total_sigma_wt_percent,FeO_loss_relative_percent,FeII_over_total_Fe
M13,50,1.00,0.08,1.67,0.14,,,,,,,,,,
M14,50,1.00,0.05,1.82,0.12,1.59,0.21,0.59,0.06,1.12,0.12,1.71,0.13,,0.64
M15,50,0.48,0.08,1.54,0.12,1.43,0.20,0.54,0.06,0.98,0.10,1.52,0.12,,0.68
M16,50,0.20,0.08,1.07,0.12,1.10,0.17,,,,,,,6.55,0.73
M51,50,0.98,0.03,2.24,0.11,,,0.96,0.10,1.38,0.14,2.34,0.17,,0.66
M50,50,0.67,0.06,2.43,0.12,,,0.73,0.08,1.17,0.13,1.90,0.15,,0.70
M49,50,0.31,0.08,1.25,0.12,,,0.44,0.05,0.79,0.08,1.23,0.10,6.04,0.75
M48,50,0.20,0.08,0.77,0.11,0.70,0.13,0.34,0.04,0.51,0.05,0.85,0.06,12.47,0.79
M47,50,0.18,0.08,0.82,0.12,0.73,0.12,0.34,0.04,0.51,0.05,0.85,0.07,10.60,0.75
M6,100,1.00,0.05,2.80,0.13,,,1.46,0.16,1.68,0.17,3.14,0.23,,0.64
M7,100,0.60,0.08,2.97,0.12,,,1.49,0.15,1.60,0.16,3.08,0.22,,0.66
M8,100,0.49,0.05,2.26,0.12,2.06,0.23,0.94,0.10,1.27,0.13,2.21,0.17,,0.71
M9,100,0.12,0.06,1.20,0.12,1.31,0.20,0.00,,0.78,0.09,0.78,0.09,13.33,0.84
M10,100,0.08,0.05,0.75,0.11,0.84,0.17,0.00,,0.55,0.06,0.55,0.06,16.84,0.88
