sample,temperature_K,temperature_sigma_K,time_s,delta_IW,f_H2_bar,f_H2O_bar,water_raw_63_ppm,water_raw_63_sigma_ppm,water_raw_51_ppm,water_raw_51_sigma_ppm,water_corrected_63_ppm,water_corrected_51_ppm
Per-1,2173,21,30,5.97,0,0,35.4,2.0,43.7,3.0,2.9,3.5
Per-2,2166,40,40,3.46,0,0,37.6,2.0,46.5,3.1,5.1,6.3
Per-3,2134,29,32,3.42,1.28e-5,0.00071,50.0,3.2,61.8,4.6,17.5,21.7
Per-4,2197,59,60,3.46,9.88e-7,5.74e-5,38.2,2.2,47.2,3.2,5.7,7.1
Per-5,2239,25,36,3.46,5.17e-8,3.02e-6,32.5,2.3,40.2,3.2,0.0,0.0
Per-6,2151,23,25,3.37,2.77e-5,0.0015,52.6,3.2,65.0,4.7,20.1,24.8
Per-7,2139,13,27,3.23,8.41e-5,0.0038,67.2,3.8,83.1,5.6,34.7,42.9
Per-8,2197,13,31,2.94,0.00024,0.0076,86.7,5.2,107.1,7.6,54.2,66.9
Per-9,2175,15,30,2.03,0.0016,0.018,112.5,6.3,139.0,9.4,80.0,98.8
Per-10,2173,21,30,0.64,0.012,0.027,135.8,7.1,167.7,10.9,103.3,127.5
Per-11,2169,16,28,-0.77,0.041,0.018,137.4,7.3,169.7,11.1,104.8,129.5
Per-12,2112,17,33,-1.90,0.064,0.0078,128.4,7.3,158.6,10.8,95.9,118.5
Per-TS1,2124,13,10,3.23,8.41e-5,0.0038,63.7,3.5,78.7,5.2,31.2,38.6
Per-TS2,2148,41,120,3.23,8.41e-5,0.0038,66.6,5.6,82.3,7.6,34.1,42.1
